time_sec,taxi_id,from_cell,to_cell,to_edge,travel_time_sec
1.0,taxi_39,8830e1ca29fffff,8830e1ca21fffff,-1056882877#0,29.591511556924523
1.0,taxi_8,8830e1ca29fffff,8830e1ca21fffff,-1056882877#0,29.591511556924523
1.0,taxi_5,8830e1ca29fffff,8830e1ca21fffff,-1056882877#0,43.895822119548
1.0,taxi_1,8830e1ca29fffff,8830e1ca21fffff,-1056882877#0,55.63996399639966
1.0,taxi_41,8830e1ca29fffff,8830e1ca21fffff,-1056882877#0,56.859939401124386
1.0,taxi_35,8830e1ca63fffff,8830e1ca21fffff,-1056882877#0,62.910390336568966
1.0,taxi_19,8830e1ca63fffff,8830e1ca21fffff,-1056882877#0,78.08414680642173
1.0,taxi_0,8830e1ca63fffff,8830e1ca21fffff,-1056882877#0,82.66802009655852
1.0,taxi_33,8830e1ca63fffff,8830e1ca21fffff,-1056882877#0,87.24376978442032
1.0,taxi_46,8830e1ca63fffff,8830e1ca21fffff,-1056882877#0,87.48382924278572
1.0,taxi_9,8830e1ca63fffff,8830e1ca2dfffff,-376649992,99.83324231107409
1.0,taxi_12,8830e1ca2bfffff,8830e1ca2dfffff,-376649992,102.17547160486916
1.0,taxi_2,8830e1ca63fffff,8830e1ca2dfffff,-376649992,108.58848870082741
300.0,taxi_49,8830e1ca2bfffff,8830e1ca2dfffff,-376649992,46.67144226818301
300.0,taxi_7,8830e1ca29fffff,8830e1ca2dfffff,-376649992,49.00807400431078
300.0,taxi_45,8830e1ca29fffff,8830e1ca2dfffff,-376649992,60.903082037814436
300.0,taxi_respawn_1,8830e1ca29fffff,8830e1ca2dfffff,-376649992,64.1225664095404
300.0,taxi_34,8830e1ca2bfffff,8830e1ca2dfffff,-376649992,67.83255257739025
300.0,taxi_14,8830e1ca29fffff,8830e1ca2dfffff,-376649992,71.14702288840004
300.0,taxi_respawn_6,8830e1ca63fffff,8830e1ca21fffff,-1056882877#0,78.08414680642173
300.0,taxi_24,8830e1ca2bfffff,8830e1ca21fffff,-1056882877#0,79.30932914755043
300.0,taxi_44,8830e1ca2bfffff,8830e1ca21fffff,-1056882877#0,86.7372478514625
300.0,taxi_31,8830e1ca2bfffff,8830e1ca21fffff,-1056882877#0,87.96278226368511
300.0,taxi_28,8830e1ca2bfffff,8830e1ca21fffff,-1056882877#0,99.78813153254318
300.0,taxi_16,8830e1ca2bfffff,8830e1ca07fffff,-117790040,68.33153801416681
300.0,taxi_10,8830e1ca2bfffff,8830e1ca07fffff,-117790040,69.98325699709976
300.0,taxi_23,8830e1ca29fffff,8830e1ca07fffff,-117790040,76.38636528033132
300.0,taxi_43,8830e1ca29fffff,8830e1ca07fffff,-117790040,79.41314005755865
300.0,taxi_17,8830e1ca2bfffff,8830e1ca05fffff,-117790044#2,87.96955229932736
600.0,taxi_respawn_10,8830e1ca29fffff,8830e1ca2dfffff,-376649992,64.1225664095404
600.0,taxi_3,8830e1ca2bfffff,8830e1ca2dfffff,-376649992,77.32025521251707
600.0,taxi_respawn_4,8830e1ca05fffff,8830e1ca2dfffff,-376649992,80.94841869588276
600.0,taxi_respawn_9,8830e1ca05fffff,8830e1ca2dfffff,-376649992,84.45354988041296
600.0,taxi_respawn_12,8830e1ca63fffff,8830e1ca2dfffff,-376649992,91.15062250969929
600.0,taxi_26,8830e1ca2bfffff,8830e1ca2dfffff,-376649992,93.57098929647145
600.0,taxi_respawn_7,8830e1ca05fffff,8830e1ca2dfffff,-376649992,94.01360108868104
600.0,taxi_15,8830e1ca2bfffff,8830e1ca2dfffff,-376649992,105.59714003073776
600.0,taxi_respawn_5,8830e1ca2bfffff,8830e1ca21fffff,-1056882877#0,102.0416879512301
600.0,taxi_11,8830e1ca2bfffff,8830e1ca21fffff,-1056882877#0,111.75483164140016
600.0,taxi_48,8830e1ca2bfffff,8830e1ca07fffff,-117790040,63.7737017622538
900.0,taxi_10,8830e1ca2bfffff,8830e1ca07fffff,-117790040,25.52111813790366
900.0,taxi_45,8830e1ca2bfffff,8830e1ca07fffff,-117790040,48.54568454310865
900.0,taxi_respawn_19,8830e1ca05fffff,8830e1ca07fffff,-117790040,52.47266121419495
900.0,taxi_43,8830e1ca05fffff,8830e1ca07fffff,-117790040,54.144139127264594
900.0,taxi_41,8830e1ca05fffff,8830e1ca07fffff,-117790040,60.49624471587047
900.0,taxi_34,8830e1ca2bfffff,8830e1ca07fffff,-117790040,62.072010350976164
900.0,taxi_29,8830e1ca2bfffff,8830e1ca07fffff,-117790040,65.64839261640837
900.0,taxi_25,8830e1ca2bfffff,8830e1ca07fffff,-117790040,68.49780070902419
900.0,taxi_47,8830e1ca2bfffff,8830e1ca07fffff,-117790040,72.98187089041724
900.0,taxi_27,8830e1ca29fffff,8830e1ca07fffff,-117790040,77.73476911675459
900.0,taxi_40,8830e1ca29fffff,8830e1ca07fffff,-117790040,79.41314005755865
900.0,taxi_49,8830e1ca29fffff,8830e1ca07fffff,-117790040,87.85964324441781
900.0,taxi_respawn_15,8830e1ca29fffff,8830e1ca07fffff,-117790040,96.29024240813277
900.0,taxi_respawn_11,8830e1ca29fffff,8830e1ca07fffff,-117790040,119.49193819935226
900.0,taxi_14,8830e1ca2dfffff,8830e1ca07fffff,-117790040,131.6982572562143
900.0,taxi_15,8830e1ca2dfffff,8830e1ca07fffff,-117790040,131.6982572562143
900.0,taxi_19,8830e1ca2dfffff,8830e1ca21fffff,-1056882877#0,71.28181743337183
900.0,taxi_7,8830e1ca63fffff,8830e1ca21fffff,-1056882877#0,87.24376978442032
900.0,taxi_respawn_18,8830e1ca2bfffff,8830e1ca23fffff,-176732665,111.21463591426227
1200.0,taxi_respawn_10,8830e1ca29fffff,8830e1ca2dfffff,-376649992,34.56955708566427
1200.0,taxi_respawn_26,8830e1ca29fffff,8830e1ca2dfffff,-376649992,37.7251766705665
1200.0,taxi_5,8830e1ca05fffff,8830e1ca2dfffff,-376649992,83.67548351469537
1200.0,taxi_respawn_29,8830e1ca05fffff,8830e1ca2dfffff,-376649992,94.01360108868104
1200.0,taxi_respawn_3,8830e1ca2bfffff,8830e1ca2dfffff,-376649992,97.75559992607938
1200.0,taxi_20,8830e1ca2bfffff,8830e1ca2dfffff,-376649992,99.80760292572938
1200.0,taxi_respawn_28,8830e1ca63fffff,8830e1ca2dfffff,-376649992,99.83324231107409
1200.0,taxi_respawn_24,8830e1ca29fffff,8830e1ca2dfffff,-376649992,108.5832152918158
1200.0,taxi_respawn_2,8830e1ca63fffff,8830e1ca21fffff,-1056882877#0,100.10588628768664
1200.0,taxi_38,8830e1ca05fffff,8830e1ca21fffff,-1056882877#0,102.10058751939168
1200.0,taxi_respawn_23,8830e1ca2bfffff,8830e1ca21fffff,-1056882877#0,104.35372988498685
1200.0,taxi_respawn_15,8830e1ca07fffff,8830e1ca21fffff,-1056882877#0,113.44189641119218
1200.0,taxi_respawn_11,8830e1ca07fffff,8830e1ca21fffff,-1056882877#0,114.68374875730134
1200.0,taxi_40,8830e1ca07fffff,8830e1ca21fffff,-1056882877#0,124.644977395833
1500.0,taxi_respawn_31,8830e1ca29fffff,8830e1ca21fffff,-1056882877#0,20.32853285328533
1500.0,taxi_respawn_30,8830e1ca29fffff,8830e1ca21fffff,-1056882877#0,29.674776686108196
1500.0,taxi_respawn_8,8830e1ca29fffff,8830e1ca21fffff,-1056882877#0,47.666040713660415
1500.0,taxi_respawn_22,8830e1ca29fffff,8830e1ca21fffff,-1056882877#0,65.27773903255068
1500.0,taxi_11,8830e1ca2bfffff,8830e1ca07fffff,-117790040,22.934173079410364
1500.0,taxi_respawn_32,8830e1ca63fffff,8830e1ca2dfffff,-376649992,99.83324231107409
1800.0,taxi_respawn_41,8830e1ca2bfffff,8830e1ca07fffff,-117790040,29.770907773287913
1800.0,taxi_17,8830e1ca05fffff,8830e1ca07fffff,-117790040,52.76983808124927
1800.0,taxi_29,8830e1ca2bfffff,8830e1ca07fffff,-117790040,55.27364914380873
1800.0,taxi_14,8830e1ca2bfffff,8830e1ca07fffff,-117790040,58.80206320196452
1800.0,taxi_respawn_28,8830e1ca2bfffff,8830e1ca07fffff,-117790040,59.66936296254085
1800.0,taxi_respawn_46,8830e1ca05fffff,8830e1ca07fffff,-117790040,68.72367720450119
1800.0,taxi_respawn_42,8830e1ca29fffff,8830e1ca21fffff,-1056882877#0,29.674776686108196
1800.0,taxi_respawn_40,8830e1ca29fffff,8830e1ca21fffff,-1056882877#0,56.008301638258374
1800.0,taxi_2,8830e1ca29fffff,8830e1ca21fffff,-1056882877#0,56.3490430652045
1800.0,taxi_respawn_43,8830e1ca05fffff,8830e1ca21fffff,-1056882877#0,74.23317488417553
1800.0,taxi_respawn_44,8830e1ca63fffff,8830e1ca21fffff,-1056882877#0,79.37774735896606
1800.0,taxi_20,8830e1ca2bfffff,8830e1ca2dfffff,-376649992,84.43459854716687
1800.0,taxi_respawn_27,8830e1ca05fffff,8830e1ca2dfffff,-376649992,94.01360108868104
1800.0,taxi_38,8830e1ca05fffff,8830e1ca2dfffff,-376649992,110.58318993253246
2100.0,taxi_42,8830e1ca2bfffff,8830e1ca07fffff,-117790040,33.43038279206409
2100.0,taxi_10,8830e1ca2bfffff,8830e1ca07fffff,-117790040,34.8626609869159
2100.0,taxi_respawn_19,8830e1ca05fffff,8830e1ca07fffff,-117790040,60.15474417445038
2100.0,taxi_respawn_7,8830e1ca2bfffff,8830e1ca07fffff,-117790040,61.60722015926704
2100.0,taxi_23,8830e1ca05fffff,8830e1ca07fffff,-117790040,69.81162085988495
2100.0,taxi_respawn_36,8830e1ca2bfffff,8830e1ca07fffff,-117790040,74.24049732810934
2100.0,taxi_respawn_24,8830e1ca2bfffff,8830e1ca07fffff,-117790040,75.24586370161998
2100.0,taxi_respawn_16,8830e1ca29fffff,8830e1ca07fffff,-117790040,79.41314005755865
2100.0,taxi_respawn_5,8830e1ca29fffff,8830e1ca07fffff,-117790040,79.41314005755865
2100.0,taxi_respawn_53,8830e1ca29fffff,8830e1ca21fffff,-1056882877#0,29.242574257425744
2100.0,taxi_respawn_45,8830e1ca29fffff,8830e1ca21fffff,-1056882877#0,47.666040713660415
2100.0,taxi_respawn_48,8830e1ca29fffff,8830e1ca21fffff,-1056882877#0,53.945413098792464
2400.0,taxi_respawn_22,8830e1ca29fffff,8830e1ca2dfffff,-376649992,28.50440229804728
2400.0,taxi_respawn_63,8830e1ca29fffff,8830e1ca2dfffff,-376649992,40.10089966635197
2400.0,taxi_respawn_54,8830e1ca29fffff,8830e1ca2dfffff,-376649992,43.23436348157218
2400.0,taxi_respawn_64,8830e1ca29fffff,8830e1ca2dfffff,-376649992,52.37842453268875
2400.0,taxi_respawn_52,8830e1ca29fffff,8830e1ca2dfffff,-376649992,61.28465008717937
2400.0,taxi_respawn_47,8830e1ca63fffff,8830e1ca2dfffff,-376649992,86.5667492195625
2400.0,taxi_respawn_61,8830e1ca2bfffff,8830e1ca2dfffff,-376649992,102.17547160486916
2400.0,taxi_respawn_60,8830e1ca2bfffff,8830e1ca21fffff,-1056882877#0,98.14968856509951
2400.0,taxi_respawn_55,8830e1ca2bfffff,8830e1ca21fffff,-1056882877#0,99.78813153254318
2400.0,taxi_respawn_16,8830e1ca07fffff,8830e1ca21fffff,-1056882877#0,104.97622700900382
2400.0,taxi_respawn_41,8830e1ca07fffff,8830e1ca05fffff,-117790044#2,43.263253350690846
2400.0,taxi_respawn_15,8830e1ca2bfffff,8830e1ca23fffff,-176732665,118.3442511068461
2700.0,taxi_3,8830e1ca05fffff,8830e1ca07fffff,-117790040,60.49624471587047
2700.0,taxi_respawn_42,8830e1ca2bfffff,8830e1ca07fffff,-117790040,64.45683546903986
2700.0,taxi_respawn_57,8830e1ca29fffff,8830e1ca07fffff,-117790040,72.62533787125423
2700.0,taxi_respawn_28,8830e1ca29fffff,8830e1ca07fffff,-117790040,77.73476911675459
2700.0,taxi_respawn_33,8830e1ca29fffff,8830e1ca2dfffff,-376649992,31.691259110230085
2700.0,taxi_respawn_20,8830e1ca29fffff,8830e1ca2dfffff,-376649992,41.086055346223006
2700.0,taxi_respawn_58,8830e1ca29fffff,8830e1ca2dfffff,-376649992,41.086055346223006
2700.0,taxi_respawn_32,8830e1ca29fffff,8830e1ca63fffff,-239962776,64.44006714473925
3000.0,taxi_respawn_70,8830e1ca29fffff,8830e1ca21fffff,-1056882877#0,27.443203421575355
3000.0,taxi_respawn_78,8830e1ca29fffff,8830e1ca21fffff,-1056882877#0,55.63996399639966
3000.0,taxi_respawn_51,8830e1ca2bfffff,8830e1ca21fffff,-1056882877#0,63.07405100183166
3000.0,taxi_respawn_67,8830e1ca29fffff,8830e1ca21fffff,-1056882877#0,65.27773903255068
3000.0,taxi_respawn_72,8830e1ca29fffff,8830e1ca21fffff,-1056882877#0,65.27773903255068
3000.0,taxi_respawn_12,8830e1ca2bfffff,8830e1ca23fffff,-176732665,100.95521379319086
3300.0,taxi_10,8830e1ca29fffff,8830e1ca2dfffff,-376649992,31.691259110230085
3300.0,taxi_respawn_79,8830e1ca29fffff,8830e1ca2dfffff,-376649992,40.451975425600445
3300.0,taxi_respawn_65,8830e1ca29fffff,8830e1ca2dfffff,-376649992,58.84019349834853
3300.0,taxi_respawn_66,8830e1ca63fffff,8830e1ca2dfffff,-376649992,71.3929927497097
3300.0,taxi_respawn_83,8830e1ca05fffff,8830e1ca21fffff,-1056882877#0,74.23317488417553
3300.0,taxi_respawn_82,8830e1ca05fffff,8830e1ca21fffff,-1056882877#0,74.8913550853744
3300.0,taxi_respawn_73,8830e1ca63fffff,8830e1ca21fffff,-1056882877#0,78.08414680642173
3600.0,taxi_respawn_11,8830e1ca2bfffff,8830e1ca07fffff,-117790040,25.223905729269795
3600.0,taxi_respawn_62,8830e1ca2bfffff,8830e1ca07fffff,-117790040,28.684424272401728
3600.0,taxi_respawn_80,8830e1ca2bfffff,8830e1ca07fffff,-117790040,48.032879875363115
3600.0,taxi_respawn_47,8830e1ca2bfffff,8830e1ca07fffff,-117790040,55.8548870449548
3600.0,taxi_respawn_92,8830e1ca05fffff,8830e1ca07fffff,-117790040,66.73019995502675
3600.0,taxi_32,8830e1ca29fffff,8830e1ca07fffff,-117790040,79.41314005755865
3600.0,taxi_respawn_77,8830e1ca29fffff,8830e1ca07fffff,-117790040,82.04829563649926
3600.0,taxi_respawn_88,8830e1ca29fffff,8830e1ca07fffff,-117790040,87.85964324441781
3600.0,taxi_respawn_64,8830e1ca29fffff,8830e1ca2dfffff,-376649992,34.56955708566427
3600.0,taxi_respawn_90,8830e1ca29fffff,8830e1ca2dfffff,-376649992,37.7251766705665
3600.0,taxi_respawn_89,8830e1ca29fffff,8830e1ca2dfffff,-376649992,41.086055346223006
3600.0,taxi_respawn_93,8830e1ca29fffff,8830e1ca2dfffff,-376649992,41.086055346223006
3600.0,taxi_respawn_84,8830e1ca63fffff,8830e1ca21fffff,-1056882877#0,124.00520875284833
3900.0,taxi_respawn_78,8830e1ca29fffff,8830e1ca21fffff,-1056882877#0,33.92346645623467
3900.0,taxi_respawn_95,8830e1ca2bfffff,8830e1ca21fffff,-1056882877#0,37.45691367558861
3900.0,taxi_respawn_64,8830e1ca2dfffff,8830e1ca21fffff,-1056882877#0,59.16962082005981
3900.0,taxi_respawn_93,8830e1ca2dfffff,8830e1ca21fffff,-1056882877#0,59.16962082005981
3900.0,taxi_respawn_94,8830e1ca63fffff,8830e1ca21fffff,-1056882877#0,62.910390336568966
3900.0,taxi_respawn_90,8830e1ca2dfffff,8830e1ca21fffff,-1056882877#0,71.28181743337183
3900.0,taxi_respawn_99,8830e1ca2bfffff,8830e1ca21fffff,-1056882877#0,89.50371359679451
3900.0,taxi_respawn_81,8830e1ca2bfffff,8830e1ca21fffff,-1056882877#0,89.71398590652338
3900.0,taxi_respawn_91,8830e1ca29fffff,8830e1ca21fffff,-1056882877#0,100.10061287867504
3900.0,taxi_respawn_76,8830e1ca2bfffff,8830e1ca05fffff,-117790044#2,53.53098610842068
3900.0,taxi_respawn_98,8830e1ca2bfffff,8830e1ca05fffff,-117790044#2,53.53098610842068
3900.0,taxi_respawn_43,8830e1ca2bfffff,8830e1ca23fffff,-176732665,113.50388959002137
4200.0,taxi_respawn_57,8830e1ca29fffff,8830e1ca2dfffff,-376649992,37.7251766705665
4200.0,taxi_respawn_42,8830e1ca2bfffff,8830e1ca2dfffff,-376649992,48.01484146291409
4200.0,taxi_respawn_81,8830e1ca21fffff,8830e1ca2dfffff,-376649992,53.20820260285438
4200.0,taxi_respawn_93,8830e1ca21fffff,8830e1ca2dfffff,-376649992,53.20820260285438
4200.0,taxi_respawn_86,8830e1ca21fffff,8830e1ca2dfffff,-376649992,65.57848637132142
4200.0,taxi_respawn_103,8830e1ca29fffff,8830e1ca2dfffff,-376649992,66.30007621722027
4200.0,taxi_respawn_94,8830e1ca21fffff,8830e1ca2dfffff,-376649992,69.70867697586344
4200.0,taxi_respawn_108,8830e1ca05fffff,8830e1ca2dfffff,-376649992,79.36299111912999
4200.0,taxi_respawn_91,8830e1ca21fffff,8830e1ca2dfffff,-376649992,84.97095355895419
4200.0,taxi_32,8830e1ca2bfffff,8830e1ca2dfffff,-376649992,97.08194313264767
4200.0,taxi_38,8830e1ca05fffff,8830e1ca07fffff,-117790040,62.955298796747265
4200.0,taxi_respawn_97,8830e1ca29fffff,8830e1ca07fffff,-117790040,70.19954140774573
4200.0,taxi_respawn_88,8830e1ca05fffff,8830e1ca07fffff,-117790040,76.71979893441895
4200.0,taxi_respawn_20,8830e1ca05fffff,8830e1ca07fffff,-117790040,76.91870267122023
4200.0,taxi_respawn_18,8830e1ca29fffff,8830e1ca23fffff,-176732665,133.37546728409453
4500.0,taxi_respawn_98,8830e1ca05fffff,8830e1ca07fffff,-117790040,68.16603750331161
4500.0,taxi_respawn_74,8830e1ca29fffff,8830e1ca07fffff,-117790040,70.19954140774573
4500.0,taxi_respawn_111,8830e1ca29fffff,8830e1ca07fffff,-117790040,77.73476911675459
4500.0,taxi_respawn_96,8830e1ca29fffff,8830e1ca07fffff,-117790040,79.41314005755865
4500.0,taxi_respawn_83,8830e1ca21fffff,8830e1ca07fffff,-117790040,101.15482238370987
4500.0,taxi_respawn_95,8830e1ca21fffff,8830e1ca07fffff,-117790040,101.15482238370987
4500.0,taxi_respawn_101,8830e1ca29fffff,8830e1ca07fffff,-117790040,107.8424382324668
4500.0,taxi_respawn_112,8830e1ca29fffff,8830e1ca23fffff,-176732665,117.08855928800445
4500.0,taxi_respawn_121,8830e1ca29fffff,8830e1ca2bfffff,-117790031#1,101.53382484657135
4800.0,taxi_respawn_125,8830e1ca29fffff,8830e1ca2dfffff,-376649992,28.50440229804728
4800.0,taxi_respawn_130,8830e1ca29fffff,8830e1ca2dfffff,-376649992,31.691259110230085
4800.0,taxi_respawn_42,8830e1ca29fffff,8830e1ca2dfffff,-376649992,40.10089966635197
4800.0,taxi_respawn_123,8830e1ca29fffff,8830e1ca2dfffff,-376649992,51.49569261759768
4800.0,taxi_respawn_57,8830e1ca29fffff,8830e1ca2dfffff,-376649992,60.903082037814436
4800.0,taxi_respawn_86,8830e1ca2bfffff,8830e1ca2dfffff,-376649992,84.55460754768237
4800.0,taxi_respawn_58,8830e1ca63fffff,8830e1ca2dfffff,-376649992,86.5667492195625
4800.0,taxi_respawn_100,8830e1ca23fffff,8830e1ca2dfffff,-376649992,93.0168802895137
4800.0,taxi_respawn_124,8830e1ca2bfffff,8830e1ca2dfffff,-376649992,95.25251645749216
4800.0,taxi_respawn_127,8830e1ca63fffff,8830e1ca2dfffff,-376649992,95.72637219756109
4800.0,taxi_respawn_122,8830e1ca63fffff,8830e1ca2dfffff,-376649992,99.83324231107409
4800.0,taxi_respawn_62,8830e1ca07fffff,8830e1ca05fffff,-117790044#2,62.112241447163235
4800.0,taxi_respawn_52,8830e1ca2bfffff,8830e1ca05fffff,-117790044#2,63.062180156551186
4800.0,taxi_respawn_121,8830e1ca2bfffff,8830e1ca05fffff,-117790044#2,71.0239654494157
4800.0,taxi_respawn_88,8830e1ca07fffff,8830e1ca05fffff,-117790044#2,124.55579473449177
4800.0,taxi_respawn_129,8830e1ca63fffff,8830e1ca21fffff,-1056882877#0,94.4152304785237
5100.0,taxi_respawn_110,8830e1ca29fffff,8830e1ca21fffff,-1056882877#0,43.01309020445693
5100.0,taxi_respawn_134,8830e1ca29fffff,8830e1ca21fffff,-1056882877#0,55.63996399639966
5100.0,taxi_respawn_125,8830e1ca2dfffff,8830e1ca21fffff,-1056882877#0,71.28181743337183
5100.0,taxi_respawn_142,8830e1ca2dfffff,8830e1ca21fffff,-1056882877#0,71.28181743337183
5100.0,taxi_respawn_11,8830e1ca2bfffff,8830e1ca21fffff,-1056882877#0,79.65982714812628
5100.0,taxi_respawn_132,8830e1ca2bfffff,8830e1ca21fffff,-1056882877#0,92.9212146841939
5100.0,taxi_respawn_131,8830e1ca2bfffff,8830e1ca05fffff,-117790044#2,53.53098610842068
5100.0,taxi_respawn_95,8830e1ca07fffff,8830e1ca05fffff,-117790044#2,84.33872100613937
5100.0,taxi_respawn_140,8830e1ca07fffff,8830e1ca23fffff,-176732665,126.1352489536977
5400.0,taxi_respawn_86,8830e1ca2bfffff,8830e1ca05fffff,-117790044#2,66.31482218087717
5400.0,taxi_respawn_25,8830e1ca2bfffff,8830e1ca05fffff,-117790044#2,71.0239654494157
5400.0,taxi_respawn_135,8830e1ca2bfffff,8830e1ca05fffff,-117790044#2,75.38118966854681
5400.0,taxi_respawn_139,8830e1ca29fffff,8830e1ca21fffff,-1056882877#0,27.443203421575355
5400.0,taxi_respawn_148,8830e1ca29fffff,8830e1ca21fffff,-1056882877#0,29.674776686108196
5400.0,taxi_respawn_145,8830e1ca2bfffff,8830e1ca07fffff,-117790040,36.49696126805804
5400.0,taxi_respawn_143,8830e1ca29fffff,8830e1ca63fffff,-239962776,64.31847302886317
5700.0,taxi_respawn_156,8830e1ca29fffff,8830e1ca2dfffff,-376649992,34.56955708566427
5700.0,taxi_respawn_150,8830e1ca21fffff,8830e1ca2dfffff,-376649992,50.4271822946148
5700.0,taxi_respawn_142,8830e1ca29fffff,8830e1ca2dfffff,-376649992,50.926661850616405
5700.0,taxi_respawn_151,8830e1ca29fffff,8830e1ca2dfffff,-376649992,51.49569261759768
5700.0,taxi_respawn_122,8830e1ca21fffff,8830e1ca2dfffff,-376649992,57.07747143311769
5700.0,taxi_respawn_58,8830e1ca2bfffff,8830e1ca2dfffff,-376649992,57.9687651490192
5700.0,taxi_respawn_157,8830e1ca29fffff,8830e1ca2dfffff,-376649992,60.903082037814436
5700.0,taxi_respawn_66,8830e1ca29fffff,8830e1ca2dfffff,-376649992,60.903082037814436
5700.0,taxi_respawn_144,8830e1ca2bfffff,8830e1ca2dfffff,-376649992,73.30893763474621
5700.0,taxi_respawn_154,8830e1ca05fffff,8830e1ca2dfffff,-376649992,77.70258596989055
5700.0,taxi_respawn_88,8830e1ca2bfffff,8830e1ca2dfffff,-376649992,80.1297220018574
5700.0,taxi_respawn_109,8830e1ca05fffff,8830e1ca2dfffff,-376649992,83.37395749851515
5700.0,taxi_respawn_96,8830e1ca05fffff,8830e1ca23fffff,-176732665,123.97234941086498
6000.0,taxi_respawn_164,8830e1ca29fffff,8830e1ca21fffff,-1056882877#0,20.32853285328533
6000.0,taxi_respawn_160,8830e1ca29fffff,8830e1ca21fffff,-1056882877#0,27.443203421575355
6000.0,taxi_respawn_149,8830e1ca29fffff,8830e1ca21fffff,-1056882877#0,43.01309020445693
6000.0,taxi_respawn_153,8830e1ca29fffff,8830e1ca21fffff,-1056882877#0,47.666040713660415
6000.0,taxi_respawn_159,8830e1ca29fffff,8830e1ca21fffff,-1056882877#0,55.63996399639966
6000.0,taxi_32,8830e1ca2dfffff,8830e1ca21fffff,-1056882877#0,71.28181743337183
6000.0,taxi_respawn_144,8830e1ca2dfffff,8830e1ca21fffff,-1056882877#0,71.28181743337183
6000.0,taxi_respawn_162,8830e1ca2bfffff,8830e1ca05fffff,-117790044#2,54.25815537885194
6000.0,taxi_respawn_74,8830e1ca07fffff,8830e1ca05fffff,-117790044#2,62.112241447163235
6000.0,taxi_respawn_135,8830e1ca2bfffff,8830e1ca05fffff,-117790044#2,71.148784206409
6000.0,taxi_respawn_58,8830e1ca2dfffff,8830e1ca63fffff,-239962776,125.33186740415259
6000.0,taxi_respawn_88,8830e1ca2dfffff,8830e1ca63fffff,-239962776,125.33186740415259
6300.0,taxi_respawn_161,8830e1ca29fffff,8830e1ca2dfffff,-376649992,31.691259110230085
6300.0,taxi_respawn_166,8830e1ca29fffff,8830e1ca2dfffff,-376649992,37.7251766705665
6300.0,taxi_respawn_173,8830e1ca29fffff,8830e1ca2dfffff,-376649992,41.086055346223006
6300.0,taxi_32,8830e1ca21fffff,8830e1ca2dfffff,-376649992,63.578972941227306
6300.0,taxi_respawn_160,8830e1ca21fffff,8830e1ca2dfffff,-376649992,63.578972941227306
6300.0,taxi_respawn_172,8830e1ca2bfffff,8830e1ca2dfffff,-376649992,76.33988054521109
6300.0,taxi_respawn_168,8830e1ca2bfffff,8830e1ca2dfffff,-376649992,80.91931829560718
6300.0,taxi_respawn_171,8830e1ca63fffff,8830e1ca2dfffff,-376649992,86.5667492195625
6300.0,taxi_respawn_167,8830e1ca63fffff,8830e1ca2dfffff,-376649992,91.15062250969929
6300.0,taxi_respawn_169,8830e1ca05fffff,8830e1ca07fffff,-117790040,48.19167206654982
6300.0,taxi_respawn_95,8830e1ca05fffff,8830e1ca23fffff,-176732665,114.30484839998694
6600.0,taxi_respawn_131,8830e1ca2bfffff,8830e1ca07fffff,-117790040,48.032879875363115
6600.0,taxi_38,8830e1ca2bfffff,8830e1ca07fffff,-117790040,55.524043457104874
6600.0,taxi_respawn_162,8830e1ca29fffff,8830e1ca07fffff,-117790040,79.41314005755865
6600.0,taxi_respawn_53,8830e1ca29fffff,8830e1ca07fffff,-117790040,79.41314005755865
6600.0,taxi_respawn_86,8830e1ca29fffff,8830e1ca07fffff,-117790040,79.41314005755865
6600.0,taxi_respawn_52,8830e1ca2bfffff,8830e1ca07fffff,-117790040,83.17239390667515
6600.0,taxi_respawn_171,8830e1ca2dfffff,8830e1ca07fffff,-117790040,119.58606064290225
6600.0,taxi_respawn_180,8830e1ca63fffff,8830e1ca07fffff,-117790040,127.9239644504978
6600.0,taxi_respawn_166,8830e1ca2dfffff,8830e1ca21fffff,-1056882877#0,71.28181743337183
6600.0,taxi_respawn_184,8830e1ca63fffff,8830e1ca21fffff,-1056882877#0,79.37774735896606
6600.0,taxi_respawn_92,8830e1ca2dfffff,8830e1ca21fffff,-1056882877#0,113.51735300148529
6900.0,taxi_respawn_183,8830e1ca29fffff,8830e1ca2dfffff,-376649992,31.691259110230085
6900.0,taxi_respawn_175,8830e1ca29fffff,8830e1ca2dfffff,-376649992,50.926661850616405
6900.0,taxi_respawn_189,8830e1ca29fffff,8830e1ca2dfffff,-376649992,51.49569261759768
6900.0,taxi_respawn_179,8830e1ca2bfffff,8830e1ca2dfffff,-376649992,84.43459854716687
6900.0,taxi_respawn_187,8830e1ca23fffff,8830e1ca2dfffff,-376649992,89.26533998070656
6900.0,taxi_respawn_191,8830e1ca2bfffff,8830e1ca21fffff,-1056882877#0,95.45545672033514
6900.0,taxi_respawn_185,8830e1ca05fffff,8830e1ca21fffff,-1056882877#0,102.10058751939168
