o_cell_id,o_cell_x,o_cell_y,d_cell_id,d_cell_x,d_cell_y,o_admi_cd,d_admi_cd,st_time_cd,fns_time_cd,in_forn_div_nm,move_trans,move_dist,move_time,male_00_cnt,male_10_cnt,male_15_cnt,male_20_cnt,male_25_cnt,male_30_cnt,male_35_cnt,male_40_cnt,male_45_cnt,male_50_cnt,male_55_cnt,male_60_cnt,male_65_cnt,male_70_cnt,male_75_cnt,male_80_cnt,male_85_cnt,feml_00_cnt,feml_10_cnt,feml_15_cnt,feml_20_cnt,feml_25_cnt,feml_30_cnt,feml_35_cnt,feml_40_cnt,feml_45_cnt,feml_50_cnt,feml_55_cnt,feml_60_cnt,feml_65_cnt,feml_70_cnt,feml_75_cnt,feml_80_cnt,feml_85_cnt,total_cnt,etl_ymd,o_lat,o_lon,d_lat,d_lon
다사60504700,960625,1947125,다사57505025,957625,1950375,11680565,11200615,1700,1720,내국인,8,4493,24,0.0,0.0,0.0,0.0,0.0,0.0,0.0,0.0,3.06,0.0,0.0,0.0,0.0,0.0,0.0,0.0,0.0,0.0,0.0,0.0,0.0,0.0,0.0,0.0,0.0,0.0,0.0,0.0,0.0,0.0,0.0,0.0,0.0,0.0,3.06,20250602,37.522582971889776,127.05439836599928,37.55174320721205,127.02026118653968
다사61004575,961125,1945875,다사72754925,972875,1949375,11680580,41450630,1800,1840,내국인,6,12208,49,0.0,0.0,0.0,0.0,0.0,0.0,0.0,0.0,0.0,0.0,0.0,0.0,0.0,0.0,0.0,0.0,0.0,0.0,0.0,0.0,0.0,0.0,0.0,2.89,0.0,0.0,0.0,0.0,0.0,0.0,0.0,0.0,0.0,0.0,2.89,20250602,37.511337466509374,127.06012278458503,37.54330498989778,127.19294461789795
다사60254650,960375,1946625,다사61505200,961625,1952125,11680580,11230650,0,5,내국인,8,5602,262,0.0,0.0,0.0,0.0,0.0,0.0,0.0,0.0,0.0,0.0,0.0,0.0,4.31,0.0,0.0,0.0,0.0,0.0,0.0,0.0,0.0,0.0,0.0,0.0,0.0,0.0,0.0,0.0,0.0,0.0,0.0,0.0,0.0,0.0,4.31,20250602,37.51806558451645,127.05159619877361,37.56769181532334,127.0654534142578
다사60754375,960875,1943875,다사62254275,962375,1942875,11680600,11680670,16,16,내국인,7,1744,36,0.0,0.0,0.0,0.0,0.0,0.0,0.0,0.0,0.0,0.0,0.0,0.0,0.0,0.0,0.0,0.0,0.0,0.0,4.5,0.0,0.0,0.0,0.0,0.0,0.0,0.0,0.0,0.0,0.0,0.0,0.0,0.0,0.0,0.0,4.5,20250602,37.4933001114331,127.05740049487144,37.48434902936883,127.07441986755542
다사60754550,960875,1945625,다사42754225,942875,1942375,11680580,41210540,1840,1940,내국인,6,18305,60,0.0,0.0,0.0,0.0,0.0,0.0,0.0,0.0,0.0,0.0,0.0,0.0,0.0,0.0,0.0,0.0,0.0,0.0,0.0,0.0,0.0,0.0,2.99,0.0,0.0,0.0,0.0,0.0,0.0,0.0,0.0,0.0,0.0,0.0,2.99,20250602,37.50907355303464,127.05730737765863,37.478842132324495,126.85390287264943
다사60754600,960875,1946125,다사56254325,956375,1943375,11680580,11650530,13,13,내국인,8,5240,4,0.0,0.0,0.0,0.0,0.0,0.0,0.0,0.0,0.0,0.0,0.0,0.0,0.0,0.0,0.0,0.0,0.0,0.0,0.0,0.0,0.0,0.0,0.0,0.0,0.0,0.0,2.55,0.0,0.0,0.0,0.0,0.0,0.0,0.0,2.55,20250602,37.51358024284307,127.05728075940617,37.48859175959211,127.00652577063454
다사60504525,960625,1945375,다사57504625,957625,1946375,11680590,11680521,13,15,내국인,6,3132,66,0.0,0.0,0.0,0.0,0.0,0.0,3.33,0.0,0.0,0.0,0.0,0.0,0.0,0.0,0.0,0.0,0.0,0.0,0.0,0.0,0.0,0.0,0.0,0.0,0.0,0.0,0.0,0.0,0.0,0.0,0.0,0.0,0.0,0.0,3.33,20250602,37.5068095726764,127.05449214077976,37.515690013244736,127.02049207624093
다사61004200,961125,1942125,다사50003250,950125,1932625,11680660,41171570,720,840,내국인,8,14632,78,0.0,0.0,0.0,0.0,0.0,2.35,0.0,0.0,0.0,0.0,0.0,0.0,0.0,0.0,0.0,0.0,0.0,0.0,0.0,0.0,0.0,0.0,0.0,0.0,0.0,0.0,0.0,0.0,0.0,0.0,0.0,0.0,0.0,0.0,2.35,20250602,37.477537182730025,127.0603209804071,37.39138211371345,126.9365573555816
다사60754550,960875,1945625,다사63504825,963625,1948375,11680580,11215830,1720,1740,내국인,6,3818,22,0.0,0.0,0.0,0.0,0.0,0.0,0.0,0.0,0.0,0.0,0.0,0.0,0.0,0.0,0.0,0.0,0.0,0.0,0.0,0.0,0.0,0.0,3.5,0.0,0.0,0.0,0.0,0.0,0.0,0.0,0.0,0.0,0.0,0.0,3.5,20250602,37.50907355303464,127.05730737765863,37.533972919052715,127.08828621070711
다사61004450,961125,1944625,다사67254300,967375,1943125,11680610,11710646,1740,23,내국인,5,6596,340,0.0,0.0,0.0,4.18,0.0,0.0,0.0,0.0,0.0,0.0,0.0,0.0,0.0,0.0,0.0,0.0,0.0,0.0,0.0,0.0,0.0,0.0,0.0,0.0,0.0,0.0,0.0,0.0,0.0,0.0,0.0,0.0,0.0,0.0,4.18,20250602,37.50007072689097,127.06018888664534,37.48679258333976,127.13096312688158
다사60504200,960625,1942125,다사59504300,959625,1943125,11680690,11680655,11,11,내국인,7,1312,22,0.0,0.0,0.0,0.0,0.0,0.0,0.0,0.0,0.0,0.0,0.0,0.0,0.0,0.0,0.0,0.0,0.0,0.0,0.0,0.0,0.0,0.0,0.0,0.0,0.0,0.0,3.05,0.0,0.0,0.0,0.0,0.0,0.0,0.0,3.05,20250602,37.477516004439785,127.05466610013423,37.48648624319912,127.04330149983855
다사60504400,960625,1944125,다사30753000,930875,1930125,11680600,41390597,14,16,내국인,8,33055,97,0.0,0.0,0.0,0.0,0.0,0.0,0.0,0.0,0.0,0.0,0.0,0.0,0.0,3.86,0.0,0.0,0.0,0.0,0.0,0.0,0.0,0.0,0.0,0.0,0.0,0.0,0.0,0.0,0.0,0.0,0.0,0.0,0.0,0.0,3.86,20250602,37.49554283297695,127.05455907802659,37.36761348423134,126.71933776253866
다사60504525,960625,1945375,다사60504950,960625,1949625,11680630,11200690,15,16,내국인,6,4400,39,0.0,0.0,0.0,0.0,0.0,0.0,0.0,0.0,0.0,0.0,0.0,0.0,0.0,0.0,0.0,0.0,0.0,0.0,0.0,0.0,0.0,0.0,0.0,0.0,0.0,0.0,0.0,2.7,0.0,0.0,0.0,0.0,0.0,0.0,2.7,20250602,37.5068095726764,127.05449214077976,37.54511632572846,127.0542642751565
다사60504525,960625,1945375,다사60754525,960875,1945375,11680590,11680580,12,12,내국인,7,250,4,0.0,0.0,0.0,0.0,0.0,0.0,0.0,0.0,0.0,3.19,0.0,0.0,0.0,0.0,0.0,0.0,0.0,0.0,0.0,0.0,0.0,0.0,0.0,0.0,0.0,0.0,0.0,0.0,0.0,0.0,0.0,0.0,0.0,0.0,3.19,20250602,37.5068095726764,127.05449214077976,37.5068202068317,127.0573206845619
다사60754500,960875,1945125,다사61254500,961375,1945125,11680610,11680610,14,15,내국인,7,380,19,0.0,0.0,3.84,0.0,0.0,0.0,0.0,0.0,0.0,0.0,0.0,0.0,0.0,0.0,0.0,0.0,0.0,0.0,0.0,0.0,0.0,0.0,0.0,0.0,0.0,0.0,0.0,0.0,0.0,0.0,0.0,0.0,0.0,0.0,3.84,20250602,37.504566859762974,127.05733398998345,37.50458792318566,127.06299091196394
다사61004225,961125,1942375,다사66504825,966625,1948375,11680660,11740650,740,840,내국인,9,8035,70,0.0,0.0,0.0,0.0,0.0,0.0,2.27,0.0,0.0,0.0,0.0,0.0,0.0,0.0,0.0,0.0,0.0,0.0,0.0,0.0,0.0,0.0,0.0,0.0,0.0,0.0,0.0,0.0,0.0,0.0,0.0,0.0,0.0,0.0,2.27,20250602,37.47979054104119,127.06030777764883,37.53408641603244,127.12224128082393
다사60504500,960625,1945125,다사63001550,963125,1915625,11680630,41463517,700,840,내국인,8,29447,85,0.0,0.0,0.0,3.43,0.0,0.0,0.0,0.0,0.0,0.0,0.0,0.0,0.0,0.0,0.0,0.0,0.0,0.0,0.0,0.0,0.0,0.0,0.0,0.0,0.0,0.0,0.0,0.0,0.0,0.0,0.0,0.0,0.0,0.0,3.43,20250602,37.50455622646813,127.05450553121081,37.238757602647716,127.0842601840852
다사60754675,960875,1946875,다사58254750,958375,1947625,11680580,11680545,840,900,내국인,9,2548,22,0.0,0.0,0.0,0.0,0.0,0.0,0.0,1.82,0.0,0.0,0.0,0.0,0.0,0.0,0.0,0.0,0.0,0.0,0.0,0.0,0.0,0.0,0.0,0.0,0.0,0.0,0.0,0.0,0.0,0.0,0.0,0.0,0.0,0.0,1.82,20250602,37.52034027106183,127.05724082091024,37.526990822520055,127.0289078444445
다사61004525,961125,1945375,다사60754525,960875,1945375,11680610,11680610,21,21,내국인,7,206,3,0.0,0.0,0.0,0.0,0.0,0.0,0.0,0.0,3.02,0.0,0.0,0.0,0.0,0.0,0.0,0.0,0.0,0.0,0.0,0.0,3.5,0.0,0.0,0.0,0.0,0.0,0.0,0.0,0.0,0.0,0.0,0.0,0.0,0.0,6.52,20250602,37.50683077325921,127.06014922982575,37.5068202068317,127.0573206845619
다사60754450,960875,1944625,다사52253425,952375,1934375,11680630,41173552,1700,1900,내국인,8,13418,134,0.0,0.0,0.0,0.0,0.0,0.0,0.0,0.0,0.0,0.0,0.0,0.0,0.0,0.0,0.0,0.0,0.0,0.0,0.0,0.0,0.0,0.0,0.0,0.0,0.0,0.0,0.0,0.0,0.0,0.0,0.0,4.16,0.0,0.0,4.16,20250602,37.500060163028216,127.0573605963821,37.40727398191709,126.96186199413462
다사61004600,961125,1946125,다사22753350,922875,1933625,11680580,28185850,11,12,내국인,8,40162,90,0.0,0.0,0.0,0.0,0.0,0.0,2.69,0.0,0.0,0.0,0.0,0.0,0.0,0.0,0.0,0.0,0.0,0.0,0.0,0.0,0.0,0.0,0.0,0.0,0.0,0.0,0.0,0.0,0.0,0.0,0.0,0.0,0.0,0.0,2.69,20250602,37.51359081183579,127.06010955975586,37.398527493258634,126.62863396081642
다사61004525,961125,1945375,다사60255025,960375,1950375,11680610,11200660,21,22,내국인,6,4883,48,0.0,0.0,0.0,0.0,0.0,0.0,0.0,0.0,0.0,0.0,0.0,0.0,0.0,0.0,0.0,0.0,0.0,0.0,0.0,0.0,0.0,2.54,0.0,0.0,0.0,0.0,0.0,0.0,0.0,0.0,0.0,0.0,0.0,0.0,2.54,20250602,37.50683077325921,127.06014922982575,37.55186559577862,127.05139377430855
다사60754375,960875,1943875,다사64754175,964875,1941875,11680600,11680700,1840,1940,내국인,6,4516,52,0.0,0.0,0.0,0.0,0.0,0.0,2.8,0.0,0.0,0.0,0.0,0.0,0.0,0.0,0.0,0.0,0.0,0.0,0.0,0.0,0.0,0.0,0.0,0.0,0.0,0.0,0.0,0.0,0.0,0.0,0.0,0.0,0.0,0.0,2.8,20250602,37.4933001114331,127.05740049487144,37.4754340222894,127.10274469262552
다사60754525,960875,1945375,다사44754800,944875,1948125,11680630,11470550,1940,20,내국인,8,16171,33,0.0,0.0,0.0,0.0,0.0,0.0,0.0,3.47,0.0,0.0,0.0,0.0,0.0,0.0,0.0,0.0,0.0,0.0,0.0,0.0,0.0,0.0,0.0,0.0,0.0,0.0,0.0,0.0,0.0,0.0,0.0,0.0,0.0,0.0,3.47,20250602,37.5068202068317,127.0573206845619,37.530789120076555,126.8760909433775
다사60754400,960875,1944125,다사61254975,961375,1949875,11680600,11200690,22,22,내국인,6,5608,33,0.0,0.0,0.0,3.91,0.0,0.0,0.0,0.0,0.0,0.0,0.0,0.0,0.0,0.0,0.0,0.0,0.0,0.0,0.0,0.0,0.0,0.0,0.0,0.0,0.0,0.0,0.0,0.0,0.0,0.0,0.0,0.0,0.0,0.0,3.91,20250602,37.4955534628305,127.05738719685591,37.547401401825624,127.0627410890206
다사61004400,961125,1944125,다사61254450,961375,1944625,11680600,11680610,12,13,내국인,7,514,20,0.0,0.0,0.0,0.0,0.0,0.0,0.0,0.0,0.0,0.0,0.0,0.0,0.0,0.0,0.0,0.0,0.0,0.0,0.0,0.0,0.0,0.0,0.0,0.0,0.0,0.0,0.0,3.14,0.0,0.0,0.0,0.0,0.0,0.0,3.14,20250602,37.49556402498368,127.06021531716608,37.50008122304229,127.06301717838035
다사61254525,961375,1945375,다사47504275,947625,1942875,11680610,11620725,1720,1800,내국인,6,13827,36,0.0,0.0,0.0,0.0,0.0,0.0,0.0,0.0,0.0,0.0,0.0,0.0,0.0,0.0,0.0,0.0,0.0,0.0,0.0,0.0,0.0,2.62,0.0,0.0,0.0,0.0,0.0,0.0,0.0,0.0,0.0,0.0,0.0,0.0,2.62,20250602,37.50684127195886,127.06297777656187,37.48363029245114,126.90758815807132
다사61504550,961625,1945625,다사58005300,958125,1953125,11680610,11230536,1700,1740,내국인,6,8318,47,0.0,0.0,0.0,0.0,0.0,0.0,0.0,0.0,0.0,0.0,0.0,2.48,0.0,0.0,0.0,0.0,0.0,0.0,0.0,0.0,0.0,0.0,0.0,0.0,0.0,0.0,0.0,0.0,0.0,0.0,0.0,0.0,0.0,0.0,2.48,20250602,37.50910505168208,127.06579327291543,37.576552532684964,127.02576454302692
다사61754525,961875,1945375,다사64254475,964375,1944875,11680610,11710600,1700,1700,내국인,5,2638,7,0.0,0.0,0.0,0.0,0.0,0.0,0.0,0.0,0.0,0.0,1.86,0.0,0.0,0.0,0.0,0.0,0.0,0.0,0.0,0.0,0.0,0.0,0.0,0.0,0.0,0.0,0.0,0.0,0.0,0.0,0.0,0.0,0.0,0.0,1.86,20250602,37.50686206617408,127.06863487441304,37.50245525559694,127.09694467797844
다사61754425,961875,1944375,다사58004425,958125,1944375,11680610,11650520,11,12,내국인,5,3905,49,0.0,0.0,0.0,0.0,0.0,0.0,0.0,0.0,0.0,0.0,0.0,0.0,0.0,0.0,0.0,0.0,0.0,0.0,0.0,0.0,0.0,0.0,0.0,0.0,0.0,0.0,0.0,0.0,0.0,0.0,0.0,4.04,0.0,0.0,4.04,20250602,37.49784865915779,127.068686727279,37.49768615171334,127.02626373908714
다사61254275,961375,1942875,다사57754475,957875,1944875,11680670,11650531,900,940,내국인,5,4031,40,0.0,0.0,0.0,0.0,0.0,0.0,0.0,0.0,0.0,0.0,0.0,0.0,0.0,0.0,0.0,0.0,0.0,0.0,0.0,0.0,0.0,0.0,0.0,0.0,3.59,0.0,0.0,0.0,0.0,0.0,0.0,0.0,0.0,0.0,3.59,20250602,37.48430774527392,127.06310906478508,37.50218145333789,127.02340690912962
다사61254375,961375,1943875,다사62004275,962125,1942875,11680600,11680670,10,10,내국인,8,1290,9,0.0,0.0,0.0,0.0,0.0,0.0,0.0,0.0,0.0,0.0,0.0,0.0,0.0,0.0,0.0,0.0,0.0,0.0,0.0,0.0,0.0,0.0,0.0,0.0,0.0,0.0,0.0,3.55,0.0,0.0,0.0,0.0,0.0,0.0,3.55,20250602,37.49332116633501,127.0630565670383,37.484338809855274,127.0715921647043
다사61254525,961375,1945375,다사61254525,961375,1945375,11680610,11680610,10,10,내국인,7,0,20,0.0,0.0,0.0,0.0,0.0,0.0,0.0,0.0,3.39,0.0,0.0,0.0,0.0,0.0,0.0,0.0,0.0,0.0,0.0,0.0,0.0,0.0,0.0,0.0,0.0,0.0,3.59,0.0,0.0,0.0,0.0,0.0,0.0,0.0,6.99,20250602,37.50684127195886,127.06297777656187,37.50684127195886,127.06297777656187
다사61004625,961125,1946375,다사61504575,961625,1945875,11680580,11680580,20,20,내국인,7,640,1,0.0,0.0,0.0,0.0,0.0,0.0,0.0,0.0,0.0,0.0,0.0,0.0,0.0,0.0,0.0,0.0,0.0,0.0,0.0,0.0,0.0,0.0,0.0,2.41,0.0,0.0,0.0,0.0,0.0,3.1,0.0,0.0,0.0,0.0,5.51,20250602,37.51584415629642,127.06009633345388,37.511358399567975,127.06578021961656
다사61504550,961625,1945625,다사69503975,969625,1939875,11680610,41131600,1740,1840,내국인,6,9690,67,0.0,0.0,0.0,0.0,0.0,0.0,0.0,0.0,0.0,0.0,0.0,0.0,0.0,0.0,0.0,0.0,0.0,0.0,0.0,0.0,0.0,0.0,1.3,0.0,0.0,0.0,0.0,0.0,0.0,0.0,0.0,0.0,0.0,0.0,1.3,20250602,37.50910505168208,127.06579327291543,37.45757531132691,127.15654757705818
